Report_No,Date,Weld_No,Chainage,Spread,RT_Technique,Result,Radiographer_ID,Comments
NDT-DEMO-0001,2025-06-17,W-4A-0001,7+900,Spread A,AUT,Accept,RAD-DEMO,Synthetic demo acceptance record linked to welding register
NDT-DEMO-0002,2025-06-28,W-4A-0002,3+700,Spread A,AUT,Accept,RAD-DEMO,Synthetic demo acceptance record linked to welding register
NDT-DEMO-0003,2025-06-20,W-4A-0003,4+400,Spread A,AUT,Accept,RAD-DEMO,Synthetic demo acceptance record linked to welding register
NDT-DEMO-0004,2025-06-20,W-4A-0004,3+100,Spread A,DWSI Ir-192,Accept,RAD-DEMO,Synthetic demo acceptance record linked to welding register
NDT-DEMO-0005,2025-06-08,W-4A-0005,3+300,Spread A,DWSI Ir-192,Accept,RAD-DEMO,Synthetic demo acceptance record linked to welding register
NDT-DEMO-0006,2025-06-25,W-4A-0006,4+200,Spread A,AUT,Accept,RAD-DEMO,Synthetic demo acceptance record linked to welding register
NDT-DEMO-0007,2025-06-28,W-4A-0007,6+000,Spread A,DWSI Ir-192,Accept,RAD-DEMO,Synthetic demo acceptance record linked to welding register
NDT-DEMO-0008,2025-06-28,W-4A-0008,6+300,Spread A,DWSI Ir-192,Accept,RAD-DEMO,Synthetic demo acceptance record linked to welding register
NDT-DEMO-0009,2025-06-30,W-4A-0009,6+800,Spread A,DWSI Ir-192,Accept,RAD-DEMO,Synthetic demo acceptance record linked to welding register
NDT-DEMO-0010,2025-06-17,W-4A-0010,9+700,Spread A,DWSI Ir-192,Accept,RAD-DEMO,Synthetic demo acceptance record linked to welding register
NDT-DEMO-0011,2025-06-26,W-4A-0011,6+400,Spread A,DWSI Ir-192,Accept,RAD-DEMO,Synthetic demo acceptance record linked to welding register
NDT-DEMO-0012,2025-06-17,W-4A-0012,10+500,Spread A,DWSI Ir-192,Accept,RAD-DEMO,Synthetic demo acceptance record linked to welding register
